"DESCRIPTION","DURATION IN MS","NAME","PARENT SUITE","START TIME","STATUS","STOP TIME","SUB SUITE","SUITE","TEST CLASS","TEST METHOD"
"","51582","[POS_TC_03] Validate Brand Filters","","2026-05-23","passed","2026-05-23","","","",""
"","73525","[POS_TC_04] Validate Price Filters","","2026-05-23","passed","2026-05-23","","","",""
"","119880","[POS_TC_05] Validate Product Quantity Update","","2026-05-23","passed","2026-05-23","","","",""
"","24867","[POS_TC_01] Validate Top Deals Navigation","","2026-05-23","passed","2026-05-23","","","",""
"","112630","[NEG_TC_01] Validate Invalid Price Filter","","2026-05-23","passed","2026-05-23","","","",""
"","48666","[NEG_TC_02] Validate Invalid Brand Filter","","2026-05-23","passed","2026-05-23","","","",""
"","122742","[E2E_TC] Complete TV Purchase Workflow","","2026-05-23","passed","2026-05-23","","","",""
"","37890","[POS_TC_02] Validate TV Navigation","","2026-05-23","passed","2026-05-23","","","",""
"","126397","[NEG_TC_03] Validate Invalid Email Checkout","","2026-05-23","passed","2026-05-23","","","",""
